frame_index,time_seconds,fish_name,x_cm,y_cm,z_cm
0,0.0,fish1,29.57,18.07,0.94
1,0.007142857142857143,fish1,29.51,18.09,0.93
2,0.014285714285714285,fish1,29.47,18.12,0.92
3,0.02142857142857143,fish1,29.44,18.15,0.91
4,0.02857142857142857,fish1,29.41,18.18,0.91
5,0.03571428571428571,fish1,29.4,18.22,0.91
6,0.04285714285714286,fish1,29.41,18.27,0.91
7,0.05,fish1,29.41,18.31,0.91
8,0.05714285714285714,fish1,29.4,18.34,0.91
9,0.06428571428571428,fish1,29.38,18.35,0.9
10,0.07142857142857142,fish1,29.34,18.38,0.9
11,0.07857142857142857,fish1,29.3,18.43,0.91
12,0.08571428571428572,fish1,29.26,18.49,0.92
13,0.09285714285714286,fish1,29.24,18.54,0.94
14,0.1,fish1,29.22,18.59,0.96
15,0.10714285714285714,fish1,29.23,18.65,0.99
16,0.11428571428571428,fish1,29.23,18.68,0.99
17,0.12142857142857143,fish1,29.24,18.68,0.97
18,0.12857142857142856,fish1,29.24,18.68,0.95
19,0.1357142857142857,fish1,29.25,18.69,0.91
20,0.14285714285714285,fish1,29.26,18.71,0.9
21,0.15,fish1,29.25,18.76,0.9
22,0.15714285714285714,fish1,29.25,18.84,0.93
23,0.16428571428571428,fish1,29.23,18.92,0.96
24,0.17142857142857143,fish1,29.21,18.98,0.96
25,0.17857142857142858,fish1,29.17,19.01,0.95
26,0.18571428571428572,fish1,29.14,19.01,0.92
27,0.19285714285714287,fish1,29.12,19.0,0.88
28,0.2,fish1,29.1,19.01,0.86
29,0.20714285714285716,fish1,29.09,19.04,0.85
30,0.21428571428571427,fish1,29.09,19.08,0.86
31,0.22142857142857142,fish1,29.09,19.12,0.85
32,0.22857142857142856,fish1,29.1,19.13,0.88
33,0.2357142857142857,fish1,29.13,19.14,0.88
34,0.24285714285714285,fish1,29.16,19.15,0.92
35,0.25,fish1,29.21,19.17,0.94
36,0.2571428571428571,fish1,29.27,19.2,0.96
37,0.2642857142857143,fish1,29.34,19.24,0.96
38,0.2714285714285714,fish1,29.41,19.28,0.95
39,0.2785714285714286,fish1,29.46,19.33,0.93
40,0.2857142857142857,fish1,29.51,19.36,0.94
41,0.29285714285714287,fish1,29.55,19.39,0.92
42,0.3,fish1,29.56,19.42,0.93
43,0.30714285714285716,fish1,29.57,19.46,0.94
44,0.3142857142857143,fish1,29.56,19.5,0.94
45,0.32142857142857145,fish1,29.56,19.53,0.93
46,0.32857142857142857,fish1,29.56,19.56,0.93
47,0.3357142857142857,fish1,29.57,19.58,0.94
48,0.34285714285714286,fish1,29.56,19.59,0.94
49,0.35,fish1,29.54,19.58,0.93
50,0.35714285714285715,fish1,29.51,19.58,0.93
51,0.36428571428571427,fish1,29.5,19.59,0.93
52,0.37142857142857144,fish1,29.44,19.62,0.92
53,0.37857142857142856,fish1,29.38,19.65,0.91
54,0.38571428571428573,fish1,29.32,19.69,0.9
55,0.39285714285714285,fish1,29.27,19.74,0.9
56,0.4,fish1,29.21,19.79,0.9
57,0.40714285714285714,fish1,29.17,19.84,0.91
58,0.4142857142857143,fish1,29.14,19.87,0.92
59,0.42142857142857143,fish1,29.15,19.93,0.94
60,0.42857142857142855,fish1,29.14,19.95,0.94
61,0.4357142857142857,fish1,29.14,19.97,0.94
62,0.44285714285714284,fish1,29.13,19.96,0.93
63,0.45,fish1,29.11,19.95,0.93
64,0.45714285714285713,fish1,29.09,19.98,0.93
65,0.4642857142857143,fish1,29.06,20.01,0.93
66,0.4714285714285714,fish1,29.05,20.05,0.93
67,0.4785714285714286,fish1,29.03,20.13,0.95
68,0.4857142857142857,fish1,29.03,20.17,0.95
69,0.4928571428571429,fish1,29.02,20.23,0.96
70,0.5,fish1,29.03,20.26,0.96
71,0.5071428571428571,fish1,29.01,20.3,0.96
72,0.5142857142857142,fish1,28.95,20.33,0.96
73,0.5214285714285715,fish1,28.88,20.34,0.95
74,0.5285714285714286,fish1,28.8,20.36,0.93
75,0.5357142857142857,fish1,28.72,20.37,0.92
76,0.5428571428571428,fish1,28.66,20.39,0.92
77,0.55,fish1,28.61,20.42,0.93
78,0.5571428571428572,fish1,28.63,20.45,0.95
79,0.5642857142857143,fish1,28.67,20.49,0.97
80,0.5714285714285714,fish1,28.73,20.52,0.99
81,0.5785714285714286,fish1,28.8,20.53,1.0
82,0.5857142857142857,fish1,28.86,20.55,1.0
83,0.5928571428571429,fish1,28.92,20.57,1.01
84,0.6,fish1,28.9,20.6,1.01
85,0.6071428571428571,fish1,28.8,20.62,1.0
86,0.6142857142857143,fish1,28.71,20.65,0.99
87,0.6214285714285714,fish1,28.61,20.68,0.98
88,0.6285714285714286,fish1,28.52,20.69,0.97
89,0.6357142857142857,fish1,28.47,20.7,0.96
90,0.6428571428571429,fish1,28.45,20.72,0.96
91,0.65,fish1,28.45,20.73,0.96
92,0.6571428571428571,fish1,28.4,20.72,0.94
93,0.6642857142857143,fish1,28.38,20.74,0.94
94,0.6714285714285714,fish1,28.41,20.78,0.95
95,0.6785714285714286,fish1,28.46,20.82,0.96
96,0.6857142857142857,fish1,28.53,20.88,0.99
97,0.6928571428571428,fish1,28.6,20.92,1.0
98,0.7,fish1,28.65,20.96,1.01
99,0.7071428571428572,fish1,28.62,20.96,1.0
100,0.7142857142857143,fish1,28.55,20.95,0.98
0,0.0,fish2,26.28,21.28,1.48
1,0.007142857142857143,fish2,26.23,21.31,1.48
2,0.014285714285714285,fish2,26.17,21.33,1.47
3,0.02142857142857143,fish2,26.11,21.35,1.46
4,0.02857142857142857,fish2,26.05,21.37,1.45
5,0.03571428571428571,fish2,25.98,21.38,1.43
6,0.04285714285714286,fish2,25.89,21.4,1.4
7,0.05,fish2,25.79,21.42,1.37
8,0.05714285714285714,fish2,25.71,21.44,1.34
9,0.06428571428571428,fish2,25.63,21.47,1.31
10,0.07142857142857142,fish2,25.58,21.49,1.29
11,0.07857142857142857,fish2,25.57,21.5,1.28
12,0.08571428571428572,fish2,25.58,21.48,1.29
13,0.09285714285714286,fish2,25.61,21.48,1.3
14,0.1,fish2,25.62,21.49,1.31
15,0.10714285714285714,fish2,25.68,21.52,1.32
16,0.11428571428571428,fish2,25.68,21.58,1.32
17,0.12142857142857143,fish2,25.61,21.65,1.31
18,0.12857142857142856,fish2,25.52,21.72,1.29
19,0.1357142857142857,fish2,25.39,21.79,1.26
20,0.14285714285714285,fish2,25.32,21.87,1.24
21,0.15,fish2,25.29,21.96,1.24
22,0.15714285714285714,fish2,25.34,22.09,1.26
23,0.16428571428571428,fish2,25.43,22.2,1.28
24,0.17142857142857143,fish2,25.45,22.29,1.29
25,0.17857142857142858,fish2,25.41,22.37,1.28
26,0.18571428571428572,fish2,25.33,22.42,1.26
27,0.19285714285714287,fish2,25.23,22.47,1.23
28,0.2,fish2,25.19,22.53,1.22
29,0.20714285714285716,fish2,25.18,22.6,1.21
30,0.21428571428571427,fish2,25.21,22.7,1.23
31,0.22142857142857142,fish2,25.23,22.8,1.22
32,0.22857142857142856,fish2,25.24,22.87,1.24
33,0.2357142857142857,fish2,25.22,22.95,1.24
34,0.24285714285714285,fish2,25.19,23.01,1.26
35,0.25,fish2,25.15,23.08,1.27
36,0.2571428571428571,fish2,25.12,23.16,1.27
37,0.2642857142857143,fish2,25.1,23.24,1.26
38,0.2714285714285714,fish2,25.09,23.33,1.24
39,0.2785714285714286,fish2,25.1,23.43,1.22
40,0.2857142857142857,fish2,25.09,23.52,1.22
41,0.29285714285714287,fish2,25.07,23.62,1.19
42,0.3,fish2,25.04,23.7,1.2
43,0.30714285714285716,fish2,25.01,23.78,1.2
44,0.3142857142857143,fish2,24.99,23.87,1.19
45,0.32142857142857145,fish2,24.96,23.93,1.19
46,0.32857142857142857,fish2,24.95,23.99,1.18
47,0.3357142857142857,fish2,24.96,24.06,1.18
48,0.34285714285714286,fish2,24.94,24.1,1.18
49,0.35,fish2,24.91,24.15,1.17
50,0.35714285714285715,fish2,24.88,24.21,1.17
51,0.36428571428571427,fish2,24.88,24.29,1.17
52,0.37142857142857144,fish2,24.85,24.34,1.16
53,0.37857142857142856,fish2,24.88,24.4,1.17
54,0.38571428571428573,fish2,24.92,24.47,1.18
55,0.39285714285714285,fish2,24.95,24.51,1.19
56,0.4,fish2,24.95,24.52,1.19
57,0.40714285714285714,fish2,24.97,24.53,1.19
58,0.4142857142857143,fish2,25.05,24.56,1.2
59,0.42142857142857143,fish2,25.16,24.56,1.2
60,0.42857142857142855,fish2,25.28,24.6,1.21
61,0.4357142857142857,fish2,25.44,24.63,1.22
62,0.44285714285714284,fish2,25.57,24.7,1.22
63,0.45,fish2,25.68,24.76,1.22
64,0.45714285714285713,fish2,25.74,24.81,1.2
65,0.4642857142857143,fish2,25.83,24.86,1.19
66,0.4714285714285714,fish2,25.91,24.89,1.19
67,0.4785714285714286,fish2,26.01,24.9,1.19
68,0.4857142857142857,fish2,26.12,24.94,1.2
69,0.4928571428571429,fish2,26.21,24.95,1.2
70,0.5,fish2,26.3,24.99,1.2
71,0.5071428571428571,fish2,26.38,25.02,1.19
72,0.5142857142857142,fish2,26.46,25.05,1.19
73,0.5214285714285715,fish2,26.56,25.09,1.2
74,0.5285714285714286,fish2,26.66,25.13,1.21
75,0.5357142857142857,fish2,26.77,25.16,1.22
76,0.5428571428571428,fish2,26.88,25.2,1.21
77,0.55,fish2,26.98,25.22,1.21
78,0.5571428571428572,fish2,27.07,25.25,1.2
79,0.5642857142857143,fish2,27.15,25.27,1.18
80,0.5714285714285714,fish2,27.21,25.29,1.17
81,0.5785714285714286,fish2,27.29,25.32,1.16
82,0.5857142857142857,fish2,27.34,25.35,1.14
83,0.5928571428571429,fish2,27.39,25.38,1.12
84,0.6,fish2,27.44,25.4,1.11
85,0.6071428571428571,fish2,27.52,25.41,1.12
86,0.6142857142857143,fish2,27.61,25.41,1.14
87,0.6214285714285714,fish2,27.7,25.41,1.15
88,0.6285714285714286,fish2,27.79,25.42,1.15
89,0.6357142857142857,fish2,27.88,25.44,1.15
90,0.6428571428571429,fish2,27.94,25.45,1.13
91,0.65,fish2,27.98,25.48,1.13
92,0.6571428571428571,fish2,28.03,25.49,1.11
93,0.6642857142857143,fish2,28.08,25.53,1.1
94,0.6714285714285714,fish2,28.15,25.58,1.09
95,0.6785714285714286,fish2,28.21,25.62,1.08
96,0.6857142857142857,fish2,28.3,25.65,1.07
97,0.6928571428571428,fish2,28.37,25.69,1.06
98,0.7,fish2,28.43,25.71,1.06
99,0.7071428571428572,fish2,28.49,25.73,1.07
100,0.7142857142857143,fish2,28.54,25.74,1.07
